{"cameraMode":{"drawMode":0,"name":"Shaded","section":"Shading Mode"},"sceneLighting":true,"audioPlay":false,"sceneViewState":{"showFog":true,"showMaterialUpdate":false,"showSkybox":true,"showFlares":true,"showImageEffects":true,"showParticleSystems":true},"in2DMode":false,"pivot":{"x":755.178955078125,"y":326.6263122558594,"z":523.9889526367188},"rotation":{"x":0.2552322745323181,"y":-0.6624710559844971,"z":0.25801414251327517,"w":0.6553300023078919},"size":701.5130004882813,"orthographic":false}