{"cameraMode":{"drawMode":0,"name":"Shaded","section":"Shading Mode"},"sceneLighting":true,"audioPlay":false,"sceneViewState":{"showFog":true,"showMaterialUpdate":false,"showSkybox":true,"showFlares":true,"showImageEffects":true,"showParticleSystems":true},"in2DMode":false,"pivot":{"x":-39.71759033203125,"y":-1054.42431640625,"z":3485.04345703125},"rotation":{"x":0.3672752380371094,"y":-0.2574146091938019,"z":0.1065339520573616,"w":0.887438952922821},"size":1686.51806640625,"orthographic":false}