{"cameraMode":{"drawMode":0,"name":"Shaded","section":"Shading Mode"},"sceneLighting":true,"audioPlay":false,"sceneViewState":{"showFog":true,"showMaterialUpdate":false,"showSkybox":true,"showFlares":true,"showImageEffects":true,"showParticleSystems":true},"in2DMode":false,"pivot":{"x":583.1039428710938,"y":-326.2105712890625,"z":-156.23699951171876},"rotation":{"x":-0.051282599568367007,"y":-0.9448381066322327,"z":0.26852208375930788,"w":-0.18044069409370423},"size":1883.24658203125,"orthographic":false}