{"cameraMode":{"drawMode":0,"name":"Shaded","section":"Shading Mode"},"sceneLighting":true,"audioPlay":false,"sceneViewState":{"showFog":true,"showMaterialUpdate":false,"showSkybox":true,"showFlares":true,"showImageEffects":true,"showParticleSystems":true},"in2DMode":false,"pivot":{"x":1167.31005859375,"y":4.330322265625,"z":37.97735595703125},"rotation":{"x":-0.060366347432136539,"y":-0.9123180508613586,"z":0.1457298845052719,"w":-0.37789881229400637},"size":806.205078125,"orthographic":false}