{"cameraMode":{"drawMode":0,"name":"Shaded","section":"Shading Mode"},"sceneLighting":true,"audioPlay":false,"sceneViewState":{"showFog":true,"showMaterialUpdate":false,"showSkybox":true,"showFlares":true,"showImageEffects":true,"showParticleSystems":true},"in2DMode":false,"pivot":{"x":1.826089859008789,"y":1.259817123413086,"z":3.611356019973755},"rotation":{"x":-0.19073368608951569,"y":0.06418242305517197,"z":-0.012386521324515343,"w":-0.9795006513595581},"size":7.178872108459473,"orthographic":false}